CNN_LSTMªºMSE	0	0
0	AAPL	58.77341435
1	TSLA	55.73561741
2	MSFT	102.8830418
3	IBM	20.45750296
