"WGAN_GPªºMSE	",,
,AAPL,96.160992
,TSLA,236.898861
,MSFT,207.867787
,IBM,128.465195
